<?xml version="1.0" encoding="ISO-8859-1"?>
<!DOCTYPE web-app
     PUBLIC "-//Sun Microsystems, Inc.//DTD Web Application 2.3//EN"
    "http://java.sun.com/dtd/web-app_2_3.dtd">
<web-app>
	<display-name>Testing Tomcat</display-name>
	<description>Testing Tomcat</description>

    <servlet>
        <servlet-name>invoker</servlet-name>
        <servlet-class>
          org.apache.catalina.servlets.InvokerServlet
        </servlet-class>
        <init-param>
            <param-name>debug</param-name>
            <param-value>0</param-value>
        </init-param>
        <load-on-startup>2</load-on-startup>
    </servlet>

    <servlet-mapping>
        <servlet-name>invoker</servlet-name>
        <url-pattern>/servlet/*</url-pattern>
    </servlet-mapping>


  

   


  

  




  

  
</web-app>
